id,gate,mechanism
R-001,P17_no_attacker_win,"griefing vector with no fund loss and no attacker profit"
R-002,G2_exclusion_clause,"admin can set the fee and brick liquidations; privileged role exclusion"
R-003,G3_scope_tree,"root cause is in the deployment script outside the scope tree"
R-004,D1_duplicate_check,"cooperating LP required to exit during the flash loan"
R-005,G5_test_intent,"behaviour is by design and the test suite validates it"
R-006,REALISM,"documented configuration margin negative; assume a non-default configuration"
R-007,P18_design_tradeoff,"already reported in a prior audit and documented as intended design"
R-008,P16_below_floor,"below the payout floor; the program is critically only"
R-009,design_review,"payment assessment and severity rationale hedging"
R-010,REALISM,"rounding direction bias in the share calculation dilutes rewards for late depositors"
R-011,design_review,"accounting drift without a quantified delta and inconsistent state"
